dopant,concentration,Tc,Th,Tmit,Hysteresis_Width,Resistance Ratio,Distance,Selected,Within_Tmit,Within_Hyst
Mo,0.40%,44.08817635270541,53.28657314629259,48.687374749499,9.198396793587179,507.35490226091264,128.14597089397523,True,False,True
Mo,0.60%,43.72745490981964,52.565130260521045,48.14629258517034,8.837675350701403,361.10240081632924,143.8417242630567,True,False,True
Mo,0.80%,43.0060120240481,52.74549098196393,47.875751503006015,9.739478957915836,422.3980116136883,146.99742283671793,True,False,True
Mo,0.20%,43.186372745490985,52.565130260521045,47.875751503006015,9.37875751503006,614.2809740425123,147.01958813676234,True,False,True
Mo,1.00%,42.28456913827655,52.74549098196393,47.51503006012024,10.46092184368738,274.3402865386612,155.87651152772486,True,False,True
B,0.40%,41.02204408817636,50.04008016032064,45.5310621242485,9.018036072144284,94.31794229699078,210.2146618144209,True,False,True
