State,a (Å),b (Å),c (Å),α (°),β (°),γ (°),Volume (Å³)
Initial,14.751989713733327,25.61991390068895,12.53001300391465,106.0025924020586,107.09884693326345,89.99889484758272,4333.975012839054
Relaxed,15.076665368259848,25.992619337889764,12.94589236413608,106.33402658665422,106.77657681928429,90.11086664462543,4642.173128685287
Δ (Relaxed − Initial),0.32467565452652103,0.37270543720081406,0.4158793602214299,0.3314341845956221,-0.32227011397915817,0.1119717970427132,308.1981158462331
